id, username, email, pass, phone_num, img_path, fullname, is_driver, star, vote
"1","pdreossi0","pdreossi0@dyndns.org","4AVIk6Xh","741 105 0757","http://dummyimage.com/181x195.jpg/dddddd/000000","Petronia Dreossi","0","1.5","18"
"2","gzelake1","gzelake1@cargocollective.com","KeDpTV0s","808 596 5261","http://dummyimage.com/210x204.png/cc0000/ffffff","Glyn Zelake","0","1.7","11"
"3","jspeaks2","jspeaks2@mapquest.com","GKnYPHdv","469 704 6602","http://dummyimage.com/168x178.png/ff4444/ffffff","Johna Speaks","1","4.6","59"
"4","gchinnery3","gchinnery3@wordpress.com","KEw6NdrA","967 880 9001","http://dummyimage.com/128x112.jpg/cc0000/ffffff","Gaultiero Chinnery","1","2.5","56"
"5","jbebbington4","jbebbington4@irs.gov","W7v1obDAG9P","635 327 9323","http://dummyimage.com/125x224.png/ff4444/ffffff","Jasmin Bebbington","0","1.3","54"
"6","lvayro5","lvayro5@techcrunch.com","RxmvdM","863 809 4648","http://dummyimage.com/158x157.png/5fa2dd/ffffff","Linda Vayro","1","1.6","60"
"7","tmewis6","tmewis6@list-manage.com","J4jyOHrznX","530 781 0113","http://dummyimage.com/159x209.bmp/5fa2dd/ffffff","Thomasina Mewis","1","2.0","50"
"8","adolohunty7","adolohunty7@apple.com","X1zuDgji","519 765 4420","http://dummyimage.com/152x227.png/ff4444/ffffff","Andriette Dolohunty","1","4.8","37"
"9","hdailly8","hdailly8@google.cn","CIdZ0r","802 871 6346","http://dummyimage.com/146x126.png/cc0000/ffffff","Hilary Dailly","1","3.5","66"
"10","rcastagne9","rcastagne9@businessweek.com","pDCKJwso","596 665 3500","http://dummyimage.com/147x176.jpg/ff4444/ffffff","Rhoda Castagne","0","1.3","64"
